project_id,refactoring_commit,refactoring_date,commit_message,refactoring_count,refactoring_types,dominant_category,all_categories,commit_before,commit_after,sqale_before,smells_before,bugs_before,vulns_before,violations_before,complexity_before,cog_complexity_before,ncloc_before,duplication_before,functions_before,classes_before,sqale_after,smells_after,bugs_after,vulns_after,violations_after,complexity_after,cog_complexity_after,ncloc_after,duplication_after,functions_after,classes_after,sqale_delta,smells_delta,bugs_delta,vulns_delta,violations_delta,complexity_delta,cog_complexity_delta,ncloc_delta,duplication_delta,score_sqale,score_isolation,score_complexity,score_size,candidate_score
org.apache:hive,b801f10cadeaaeb0c25da96561ccdf202cca57d4,2013-09-20 01:38:39+00:00,HIVE-5156: HiveServer2 jdbc ResultSet.close should free up resources on server side (Vaibhav Gumashta via Thejas Nair)  git-svn-id: https://svn.apache.org/repos/asf/hive/trunk@1524880 13f79535-47bb-0310-9956-ffa450edef68,1,Change Method Access Modifier,Modifier,Modifier,a7615d2616e73c407fbe6edc9c65e3ba2936b17c,5a544386870695e598a622c166287d7d44c842c9,546088.0,42206.0,1273.0,757.0,44236.0,112055.0,104492.0,535213.0,26.5,45478.0,5955.0,457066.0,38449.0,769.0,723.0,39941.0,96151.0,78692.0,463240.0,21.7,41708.0,5600.0,-89022.0,-3757.0,-504.0,-34.0,-4295.0,-15904.0,-25800.0,-71973.0,-4.800000000000001,0.9992815930673619,1.0,0.9982425307556491,0.7204326259750563,0.9573381638121155
org.apache:hive,8a51914f4da13337075c04606c68177329a8bdaf,2013-09-17 21:56:18+00:00,HIVE-4443: [HCatalog] Have an option for GET queue to return all job information in single call (Daniel Dai via Thejas Nair)  git-svn-id: https://svn.apache.org/repos/asf/hive/trunk@1524232 13f79535-47bb-0310-9956-ffa450edef68,5,Add Method Annotation | Extract Method,Modifier,Modifier | Structural,36639a4f644b4f6896cb336c742fe36527c785cd,328d49037e99f93f07b25b7009cf655799152a12,541306.0,41862.0,1263.0,747.0,43872.0,111317.0,103948.0,530560.0,26.8,45122.0,5907.0,456935.0,38446.0,769.0,723.0,39938.0,96119.0,78662.0,463075.0,21.7,41694.0,5598.0,-84371.0,-3416.0,-494.0,-24.0,-3934.0,-15198.0,-25286.0,-67485.0,-5.100000000000001,0.947073614260367,0.9988620199146518,0.9539291990960987,0.7141693756267615,0.9242095558051161
org.apache:hive,6c80e4a4ffd95ef635632b301d0c75b916cf815a,2013-08-27 17:09:56+00:00,HIVE-5126 : Make vector expressions serializable. (Jitendra Nath Pandey via Ashutosh Chauhan)  git-svn-id: https://svn.apache.org/repos/asf/hive/branches/vectorization@1517888 13f79535-47bb-0310-9956-ffa450edef68,5,Change Method Access Modifier | Extract Method,Modifier,Modifier | Structural,fbc86133c1efa642c777329d9e3b8ecefc3932b3,265ae7b4f81ec7cf19c6f0b59a13a3e7dfb942e4,498262.0,39554.0,1176.0,698.0,41428.0,105880.0,99577.0,499907.0,21.4,42361.0,5680.0,422920.0,36177.0,744.0,651.0,37572.0,92208.0,75556.0,436902.0,16.2,39769.0,5337.0,-75342.0,-3377.0,-432.0,-47.0,-3856.0,-13672.0,-24021.0,-63005.0,-5.199999999999999,0.8457221112183637,0.9988620199146518,0.8581471252823966,0.6729083799409067,0.853534286782011
org.apache:hive,eaf565330afac7b749b7d9117a8eb3b8a44ff243,2013-07-17 20:25:00+00:00,HIVE-4787 : make vectorized LOWER()  UPPER()  LENGTH() work end-to-end; support expression input for vectorized LIKE (Eric Hanson via Ashutosh Chauhan)  git-svn-id: https://svn.apache.org/repos/asf/hive/branches/vectorization@1504265 13f79535-47bb-0310-9956-ffa450edef68,3,Change Method Access Modifier,Modifier,Modifier,cde9c16e983c2e773fe5d5454494139a66a48941,ad740d24b1e3d276f32de905780c7ee82b07a007,475242.0,38663.0,1134.0,684.0,40481.0,102171.0,95325.0,478216.0,22.1,40851.0,5432.0,403164.0,35424.0,740.0,647.0,36811.0,89213.0,73162.0,417715.0,16.9,38414.0,5122.0,-72078.0,-3239.0,-394.0,-37.0,-3670.0,-12958.0,-22163.0,-60501.0,-5.200000000000003,0.8090833576543922,0.9994310099573259,0.8133316595530496,0.6437108378594831,0.8234090856204069
org.apache:hive,7f0d6e69ec7aae756d1e7cee034df60b744482ce,2013-06-15 00:59:04+00:00,Submitted by: Brock Noland Jonathon Chang	 Reviewed by: Edward Capriolo	 Approved by: Edward Capriolo	   git-svn-id: https://svn.apache.org/repos/asf/hive/trunk@1493292 13f79535-47bb-0310-9956-ffa450edef68,2,Add Class Annotation | Extract Variable,Modifier,Modifier | Structural,bcfffc64d2b6a2f5c58022142ff285b12a51ccbe,81920f0ae3c064ae5ed513eefd65f6929b9cda6f,471887.0,38456.0,1132.0,682.0,40270.0,101492.0,94610.0,474016.0,22.2,40611.0,5403.0,401069.0,35322.0,738.0,645.0,36705.0,88827.0,72970.0,415320.0,16.9,38260.0,5102.0,-70818.0,-3134.0,-394.0,-37.0,-3565.0,-12665.0,-21640.0,-58696.0,-5.300000000000001,0.7949397211683004,0.9997155049786629,0.794940999246749,0.6380573559203389,0.8123628426627908
org.apache:hive,4b9963d513d4658bb5c270ce849429e9a6d5f0a2,2014-04-14 15:55:57+00:00,HIVE-6432 : Remove deprecated methods in HCatalog (Sushanth Sowmyan via Ashutosh Chauhan)  git-svn-id: https://svn.apache.org/repos/asf/hive/trunk@1587230 13f79535-47bb-0310-9956-ffa450edef68,6,Add Method Annotation | Inline Method | Move Class | Remove Thrown Exception Type | Rename Method,Modifier,Modifier | Move | Rename | Signature | Structural,e24ad587a59b9f7bb710a4748a5dbbf6f626656b,d74abbe55b2c32eb7abe802b30ce934758fb9b99,608584.0,50370.0,976.0,925.0,52271.0,128824.0,105641.0,629954.0,19.7,56033.0,7399.0,561733.0,47203.0,935.0,844.0,48982.0,122820.0,101493.0,592737.0,15.7,52717.0,7037.0,-46851.0,-3167.0,-41.0,-81.0,-3289.0,-6004.0,-4148.0,-37217.0,-4.0,0.5259075500078516,0.9985775248933147,0.37685161938235145,0.8479603717837396,0.6314854855949524
org.apache:hive,75caa8ffc7bfb4dfe475fdc70be618101a24cb81,2013-05-12 19:23:55+00:00,HIVE-4483 : Input format to read vector data from RC file (Sarvesh Sakalanaga via Ashutosh Chauhan)  git-svn-id: https://svn.apache.org/repos/asf/hive/branches/vectorization@1481626 13f79535-47bb-0310-9956-ffa450edef68,8,Add Method Annotation | Add Parameter | Change Method Access Modifier | Extract Class | Move Method,Modifier,Modifier | Move | Signature | Structural,27e54b14817f629e08c7c4c16e4531c27c6d50be,97778fd4e31997f5e49a13c15ac1d6c87be87cca,440005.0,37627.0,885.0,667.0,39179.0,95676.0,88524.0,443980.0,19.6,39467.0,5355.0,397177.0,35276.0,738.0,645.0,36659.0,88730.0,72944.0,414608.0,17.0,38196.0,5093.0,-42828.0,-2351.0,-147.0,-22.0,-2520.0,-6946.0,-15580.0,-29372.0,-2.6000000000000014,0.48074893922725814,0.9980085348506407,0.4359779061009016,0.5976268836526869,0.5905397917341598
org.apache:hive,a9a3fc3ca36bd1efd4a0db1b9c0256c0d62535ec,2013-05-08 04:51:50+00:00,HIVE-4421 : Improve memory usage by ORC dictionaries (Owen Omalley via Ashutosh Chauhan)  git-svn-id: https://svn.apache.org/repos/asf/hive/trunk@1480159 13f79535-47bb-0310-9956-ffa450edef68,12,Add Method Annotation | Change Method Access Modifier | Change Return Type | Extract And Move Method | Extract Variable | Remove Parameter | Rename Attribute | Rename Method,Modifier,Modifier | Other | Rename | Signature | Structural | TypeChange,def8176ad6a58285e963d50930d92119f8d869db,104c50de6432f3a25ac30f68c60154d18893d943,434653.0,37295.0,879.0,667.0,38841.0,94786.0,85730.0,440841.0,19.4,39386.0,5343.0,397183.0,35260.0,734.0,644.0,36638.0,88663.0,72898.0,414344.0,17.0,38165.0,5091.0,-37470.0,-2035.0,-145.0,-23.0,-2203.0,-6123.0,-12832.0,-26497.0,-2.3999999999999986,0.42060480883640056,0.9968705547652925,0.38432086367057594,0.5934015789367407,0.5527064872457739
org.apache:hive,ce67e7010b815fd4cadc1009ec9a1caac6772d5b,2013-04-30 18:32:06+00:00,HIVE-4370 : Change ORC tree readers to return batches of rows instead of a row  (Sarvesh Sakalanaga via Ashutosh Chauhan)  git-svn-id: https://svn.apache.org/repos/asf/hive/branches/vectorization@1477757 13f79535-47bb-0310-9956-ffa450edef68,2,Add Method Annotation | Extract Method,Modifier,Modifier | Structural,22a2a3e70112aa79ef247baa8531870f49796ebc,7a8ab43e5175b464e99b6560ca0b60fccdd7a71f,397173.0,35261.0,734.0,644.0,36639.0,88648.0,72884.0,414246.0,17.0,38159.0,5091.0,429226.0,36973.0,873.0,661.0,38507.0,93962.0,84346.0,436615.0,18.9,39208.0,5314.0,32053.0,1712.0,139.0,17.0,1868.0,5314.0,11462.0,22369.0,1.8999999999999986,0.35979839705452754,0.9997155049786629,0.33354255586239434,0.5576029236578021,0.5108885373318125
org.apache:hive,c88e75dae16c138e3047fe5bb3d9c1e301f740cf,2013-04-25 07:58:16+00:00,HIVE-3952 merge map-job followed by map-reduce job (Vinod Kumar Vavilapalli via namit)    git-svn-id: https://svn.apache.org/repos/asf/hive/trunk@1475661 13f79535-47bb-0310-9956-ffa450edef68,2,Change Method Access Modifier | Move And Rename Method,Modifier,Modifier | Move,7ae4cdd4d04e6cc6a4109b7998e627f0f73a9a0d,2735fdee346a957512b11c88d893a94a74015948,418583.0,36220.0,869.0,649.0,37738.0,91942.0,82225.0,426329.0,18.6,38517.0,5230.0,395539.0,35035.0,732.0,643.0,36410.0,88083.0,72425.0,412127.0,17.0,37973.0,5074.0,-23044.0,-1185.0,-137.0,-6.0,-1328.0,-3859.0,-9800.0,-14202.0,-1.6000000000000014,0.2586713961789702,0.9997155049786629,0.24221692191813693,0.5738674527698688,0.45004600786233523
org.apache:hive,c386c50d0c822a92663de73fb8edf64113498ef1,2013-09-05 03:09:42+00:00,HIVE-4895 : Move all HCatalog classes to org.apache.hive.hcatalog - Part 2/2 - file modifications renaming packages (Eugene Koifman via Sushanth Sowmyan)   git-svn-id: https://svn.apache.org/repos/asf/hive/trunk@1520202 13f79535-47bb-0310-9956-ffa450edef68,302,Move Class,Move,Move,36854c75e4e2447f44b863c8b91b02a33d32bdff,4def6c317ece43d48f5107546c6fce8dec97104f,425538.0,36534.0,747.0,653.0,37934.0,92393.0,75776.0,438088.0,16.2,39835.0,5344.0,509573.0,39863.0,1250.0,696.0,41809.0,107853.0,101044.0,507207.0,22.1,43496.0,5676.0,84035.0,3329.0,503.0,43.0,3875.0,15460.0,25268.0,69119.0,5.900000000000002,0.9433019778640758,0.9143669985775492,0.9703740898819375,0.5896958561323445,0.8912420917514763
org.apache:hive,3ffcd723672f05032605caab2558a132434d4b27,2013-06-19 22:52:43+00:00,HIVE-4754 : OrcInputFormat should be enhanced to provide vectorized input. (Jitendra Nath Pandey via Ashutosh Chauhan)  git-svn-id: https://svn.apache.org/repos/asf/hive/branches/vectorization@1494795 13f79535-47bb-0310-9956-ffa450edef68,1,Move Attribute,Move,Move,c7685c931e3ca1e57d7fc232cba49905ebf874db,d54032d36b8fa8baf2a86e644ba188a67fe07e46,472284.0,38476.0,1132.0,682.0,40290.0,101536.0,94635.0,474287.0,22.2,40624.0,5403.0,401261.0,35325.0,738.0,645.0,36708.0,88846.0,72980.0,415390.0,16.9,38268.0,5103.0,-71023.0,-3151.0,-394.0,-37.0,-3582.0,-12690.0,-21655.0,-58897.0,-5.300000000000001,0.7972408683743708,1.0,0.7965101682148633,0.6384221401121265,0.8137872104202831
org.apache:hive,e24ad587a59b9f7bb710a4748a5dbbf6f626656b,2014-04-12 17:34:24+00:00,HIVE-5847: DatabaseMetadata.getColumns() doesn't show correct column size for char/varchar/decimal (Jason via Xuefu)  git-svn-id: https://svn.apache.org/repos/asf/hive/trunk@1586882 13f79535-47bb-0310-9956-ffa450edef68,5,Inline Method | Move And Rename Method | Move Method | Rename Method,Move,Move | Rename | Structural,a528a045ae4c057e39e40b49a5a930a527bdacae,4b9963d513d4658bb5c270ce849429e9a6d5f0a2,608466.0,50369.0,976.0,925.0,52270.0,128836.0,105641.0,629932.0,19.7,56033.0,7399.0,561733.0,47203.0,935.0,844.0,48982.0,122816.0,101493.0,592729.0,15.7,52717.0,7037.0,-46733.0,-3166.0,-41.0,-81.0,-3288.0,-6020.0,-4148.0,-37203.0,-4.0,0.5245829872258209,0.9988620199146518,0.37785588752194466,0.8479307583069156,0.6312591844997822
org.apache:hive,200749619c929474333c5d540eadd3751d7ecb19,2015-02-11 03:36:47+00:00,Remove VectorReader; roll it into InputFormat  since it's no longer an interface to LLAP  git-svn-id: https://svn.apache.org/repos/asf/hive/branches/llap@1658870 13f79535-47bb-0310-9956-ffa450edef68,19,Change Attribute Type | Change Method Access Modifier | Move And Rename Method | Move Attribute | Move Method | Rename Attribute,Move,Modifier | Move | Rename | TypeChange,4902f004d0ce957838c51ac5543534840c8ddc0a,2c948691a4c2a244a7a7572199db058dc763c20c,696053.0,57867.0,1326.0,932.0,60125.0,145846.0,120132.0,736858.0,12.9,61816.0,8418.0,683854.0,56936.0,1318.0,889.0,59143.0,143835.0,118429.0,725629.0,13.0,60857.0,8272.0,-12199.0,-931.0,-8.0,-43.0,-982.0,-2011.0,-1703.0,-11229.0,0.09999999999999964,0.13693509642367893,0.9948790896159332,0.1262239517951214,0.9918603320747592,0.43408489425265245
org.apache:hive,69886819281100327ffb9527a001a7956ffc8daf,2015-01-20 22:32:55+00:00,Fix a pom  some minor changes to visibility  git-svn-id: https://svn.apache.org/repos/asf/hive/branches/llap@1653395 13f79535-47bb-0310-9956-ffa450edef68,5,Move Class | Move Source Folder | Remove Method Annotation | Rename Class,Move,Modifier | Move | Rename,deaa8567881bc00eb7c0f407043051616a537d2f,055ed8dc679d0f59645f2cf1b118ab125e24d4f5,678074.0,56487.0,1314.0,886.0,58687.0,142842.0,117688.0,720205.0,13.0,60387.0,8206.0,666329.0,55873.0,1297.0,905.0,58075.0,140545.0,115531.0,705878.0,13.0,59328.0,8027.0,-11745.0,-614.0,-17.0,19.0,-612.0,-2297.0,-2157.0,-14327.0,0.0,0.13183889724535694,0.9988620199146518,0.14417524479034996,0.969444276186052,0.4339684155065685
org.apache:hive,cf5e27a55873d75738cbe9901cc88a280b219b97,2013-09-30 22:53:35+00:00,HIVE-5378: Need to move SetReducerParallelism to the optimize package. (Vikram Dixit K via Gunther Hagleitner)  git-svn-id: https://svn.apache.org/repos/asf/hive/branches/tez@1527812 13f79535-47bb-0310-9956-ffa450edef68,1,Move Class,Move,Move,505992e9400c90c5a8454deb4e98e7d741a00b35,99022e6c79789b385855d5035aa2300e9699d363,477777.0,39917.0,791.0,785.0,41493.0,100783.0,83448.0,489155.0,21.2,43570.0,5860.0,464895.0,39049.0,781.0,749.0,40579.0,97572.0,79751.0,470558.0,21.6,42334.0,5688.0,-12882.0,-868.0,-10.0,-36.0,-914.0,-3211.0,-3697.0,-18597.0,0.40000000000000213,0.14460184540780655,1.0,0.201544062264612,0.6584354661766973,0.4069920736557803
org.apache:hive,d7478aa7c5434a94f58c9fade7c5ddefe29e5e39,2014-09-18 16:12:10+00:00,HIVE-8092 : Vectorized Tez count(*) returns NULL instead of 0 when result is empty (Matt McCline via Gopal V)  git-svn-id: https://svn.apache.org/repos/asf/hive/trunk@1626018 13f79535-47bb-0310-9956-ffa450edef68,3,Move Attribute | Rename Attribute,Move,Move | Rename,d86e0145fc076fee7067a519349b9b91bb179d84,a4147b4e02c40fd4eb9d61f488c0742660269c91,634646.0,54981.0,1284.0,866.0,57131.0,138404.0,112708.0,691752.0,13.3,59006.0,7877.0,627789.0,54595.0,1270.0,866.0,56731.0,137202.0,111575.0,685845.0,13.4,58659.0,7811.0,-6857.0,-386.0,-14.0,0.0,-400.0,-1202.0,-1133.0,-5907.0,0.09999999999999964,0.07697056776597808,0.9994310099573259,0.07544564398693977,0.9311446281826061,0.3892075343219823
org.apache:hive,d854cdfb87d2b07ebe815ce4b1fa791d87900abb,2014-09-05 16:08:01+00:00,HIVE-7889 : txnMgr should be session specific (Alan Gates via Ashutosh Chauhan)  git-svn-id: https://svn.apache.org/repos/asf/hive/trunk@1622731 13f79535-47bb-0310-9956-ffa450edef68,1,Move Attribute,Move,Move,27e22ab7202b581d1d0faa34f5b23871e9f1482d,db9ddf4aebfc6b4486465f84ff718e7048caad73,613805.0,53337.0,1251.0,855.0,55443.0,133391.0,108309.0,668138.0,13.5,57145.0,7638.0,618410.0,54045.0,1262.0,858.0,56165.0,135148.0,109708.0,674935.0,13.6,57823.0,7720.0,4605.0,708.0,11.0,3.0,722.0,1757.0,1399.0,6797.0,0.09999999999999964,0.05169162382416932,1.0,0.11028119507907919,0.8993585990133315,0.3831507381514373
org.apache:hive,2dfd8457b7ee415f1b28c5de2650b3f2457f20ea,2015-01-06 03:26:43+00:00,Refactor prototype with regard to updated design  remove chunk format (currently discarded). Builds  but doesn't work in any form; cache is a no-op too (layering for cache will be different)  git-svn-id: https://svn.apache.org/repos/asf/hive/branches/llap@1649732 13f79535-47bb-0310-9956-ffa450edef68,47,Change Attribute Type | Change Method Access Modifier | Change Package | Change Parameter Type | Change Return Type | Change Variable Type | Extract Interface | Inline Method | Move And Rename Class | Move And Rename Method | Move Class | Move Method | Move Source Folder | Remove Method Annotation | Remove Parameter | Rename Attribute | Rename Parameter,Move,Modifier | Move | Other | Rename | Signature | Structural | TypeChange,371c2ba38cfd90feca4be2878daf030cf8a85bfb,632ef0f45971d4c1e749f14e2691b9b6a1e9fb58,647681.0,55653.0,1297.0,883.0,57833.0,140618.0,115649.0,705976.0,13.1,59314.0,8009.0,653791.0,55917.0,1305.0,893.0,58115.0,141586.0,116638.0,714052.0,13.1,59796.0,8128.0,6110.0,264.0,8.0,10.0,282.0,968.0,989.0,8076.0,0.0,0.06858541184922357,0.9869132290184959,0.0607582224453891,0.9502910870165082,0.38255002920721215
org.apache:hive,1e8f0b33a3e5a5c97d6f3ede80f2299782cd16a6,2014-11-28 08:08:52+00:00,HIVE-8979 : Merge shims/common-secure into shims/common (Ashutosh Chauhan via Thejas Nair)  git-svn-id: https://svn.apache.org/repos/asf/hive/trunk@1642270 13f79535-47bb-0310-9956-ffa450edef68,2,Move Class | Move Source Folder,Move,Move,f48314d5281f1d0823de4a99843a62fc89d3c3c4,3882aa8d8e3dcc57f80606858929d31ebd301093,648680.0,55661.0,1297.0,887.0,57845.0,140635.0,115828.0,707869.0,13.2,59520.0,8070.0,643539.0,55362.0,1294.0,872.0,57528.0,139645.0,114675.0,701026.0,13.1,58954.0,7961.0,-5141.0,-299.0,-3.0,-15.0,-317.0,-990.0,-1153.0,-6843.0,-0.09999999999999964,0.05770828188491954,0.9997155049786629,0.062139091137329766,0.9528391920905082,0.38148706534760907
org.apache:hive,42c958cea529d84039144c3731c53f11574ab45a,2013-06-13 19:37:58+00:00,HIVE-4727 : Optimize ORC StringTreeReader::nextVector to not create dictionary of strings for each call to nextVector (Sarvesh Sakalanaga via Ashutosh Chauhan)  git-svn-id: https://svn.apache.org/repos/asf/hive/branches/vectorization@1492829 13f79535-47bb-0310-9956-ffa450edef68,1,Replace Variable With Attribute,Other,Other,696d6e861e096d46a0120cd751887c64488768a8,2afba6f351b1696faed73939c2b623267abf6506,471820.0,38448.0,1132.0,680.0,40260.0,101479.0,94599.0,473950.0,22.2,40609.0,5403.0,397330.0,35262.0,738.0,645.0,36645.0,88718.0,72921.0,414641.0,16.9,38187.0,5093.0,-74490.0,-3186.0,-394.0,-35.0,-3615.0,-12761.0,-21678.0,-59309.0,-5.300000000000001,0.8361583189277683,1.0,0.8009666080843082,0.6379685154898666,0.8304002569156642
org.apache:hive,4c2d2953d3eefb8caf921a01f726d1251cc77053,2013-06-04 13:36:45+00:00,HIVE-4646 : skewjoin.q is failing in hadoop2 (Navis via Ashutosh Chauhan)  git-svn-id: https://svn.apache.org/repos/asf/hive/trunk@1489441 13f79535-47bb-0310-9956-ffa450edef68,1,Extract And Move Method,Other,Other,32d4c8deb3b81978b2fe19d6127c4d1a98cbc329,75b8b206715c1db1379b25ba1a65d04017646419,396990.0,35262.0,738.0,645.0,36645.0,88702.0,72908.0,414536.0,16.9,38181.0,5093.0,471226.0,38407.0,1130.0,679.0,40216.0,101178.0,94441.0,472648.0,22.3,40485.0,5402.0,74236.0,3145.0,392.0,34.0,3571.0,12476.0,21533.0,58112.0,5.400000000000002,0.8333071414139053,1.0,0.7830780818478043,0.5579932831250286,0.8127913694962674
org.apache:hive,de16f795e94077fc03f3a3470b7e87fcaec8fffa,2014-03-15 23:18:52+00:00,REVERT: HIVE-6432 : Remove deprecated methods in HCatalog (Sushanth Sowmyan via Ashutosh  Chauhan) #1 commit  git-svn-id: https://svn.apache.org/repos/asf/hive/trunk@1577948 13f79535-47bb-0310-9956-ffa450edef68,13,Extract And Move Method | Extract Method | Rename Parameter,Other,Other | Rename | Structural,370778f261446d2c74116ddc8d0ed2a07f6540ec,fb8ebe5ca20e6ce1c49a4f13edc6149ed4a24d2f,541178.0,45820.0,916.0,820.0,47556.0,119536.0,98697.0,571867.0,16.0,51155.0,6802.0,588679.0,49029.0,958.0,906.0,50893.0,125653.0,102910.0,609907.0,20.1,54550.0,7175.0,47501.0,3209.0,42.0,86.0,3337.0,6117.0,4213.0,38040.0,4.100000000000001,0.5332038704173435,0.9965860597439554,0.3839442631182285,0.7697713704982456,0.6240505314700224
org.apache:hive,6379e000e25fc7c6bee087e2196384cc5d17f073,2015-01-07 05:42:31+00:00,HIVE-9243: Static Map in IOContext is not thread safe (Brock via Xuefu)  git-svn-id: https://svn.apache.org/repos/asf/hive/trunk@1649994 13f79535-47bb-0310-9956-ffa450edef68,2,Extract And Move Method | Rename Method,Other,Other | Rename,961517810119a056ea1b67952ef8a6a4f376f63b,6f716ce33a825e49d61b52496d7849b5cc25a44b,643739.0,55301.0,1294.0,869.0,57464.0,139750.0,114759.0,701723.0,13.1,58977.0,7959.0,653777.0,55910.0,1305.0,893.0,58108.0,141586.0,116638.0,714053.0,13.1,59796.0,8128.0,10038.0,609.0,11.0,24.0,644.0,1836.0,1879.0,12330.0,0.0,0.11267763733919905,0.9997155049786629,0.11523976901832066,0.9445662635195604,0.41550903771392644
org.apache:archiva,82f8a22ed6002ccb064dec41f6dd2f4c136ea52b,2009-12-24 04:20:41+00:00,[MRM-1301] remove any problem reports when metadata is re-processed  git-svn-id: https://svn.apache.org/repos/asf/archiva/branches/MRM-1025@893692 13f79535-47bb-0310-9956-ffa450edef68,3,Extract Attribute,Other,Other,1f1252456ab9bbf2b5575f8d22d993e91e7bccb1,9cfe3072185e14ed4a0411aa83fbd7da7b73e9eb,64165.0,3440.0,3.0,97.0,3540.0,8083.0,4234.0,76032.0,6.7,5241.0,543.0,101216.0,5124.0,3.0,186.0,5313.0,9296.0,4757.0,103828.0,16.1,6075.0,750.0,37051.0,1684.0,0.0,89.0,1773.0,1213.0,523.0,27796.0,9.400000000000002,0.41590148844935887,0.9994310099573259,0.07613607833291011,0.10234417590405219,0.40063244334004416
org.apache:hive,7723fd6e884dcd24cdb7a4896e8e5e399a5b3890,2014-09-17 16:17:34+00:00,HIVE-8141: Refactor the GraphTran code by moving union handling logic to UnionTran [Spark Branch] (Na via Xuefu)  git-svn-id: https://svn.apache.org/repos/asf/hive/branches/spark@1625642 13f79535-47bb-0310-9956-ffa450edef68,1,Extract And Move Method,Other,Other,bf5aff018fd2fa3b2c6b8e289e3a4e7ece61057c,1e4c9612cacfc11d57134b7601dd1aa9e7984c59,634591.0,54972.0,1283.0,866.0,57121.0,138389.0,112691.0,691727.0,13.3,59004.0,7877.0,627493.0,54590.0,1270.0,866.0,56726.0,137143.0,111524.0,685487.0,13.4,58631.0,7809.0,-7098.0,-382.0,-13.0,0.0,-395.0,-1246.0,-1167.0,-6240.0,0.09999999999999964,0.07967581887165122,1.0,0.0782073813708211,0.931110976504397,0.39108881936702533
org.apache:archiva,fcd43810f5a86f3fb2bdeb49aff5e869e46fc8fe,2009-12-04 04:08:30+00:00,Merged /archiva/trunk:r885006-887051 (applied changes to scheduler manually due to different location)   git-svn-id: https://svn.apache.org/repos/asf/archiva/branches/MRM-1025@887052 13f79535-47bb-0310-9956-ffa450edef68,2,Extract Attribute | Extract Method,Other,Other | Structural,6c1cd8d63fa27f895307363e7630d2f4b7ac3126,9ff4303708009d35f1daa8bbbf31ad4aa9ec9c2b,101233.0,4822.0,3.0,186.0,5011.0,8793.0,4737.0,103294.0,16.1,5746.0,752.0,67010.0,3428.0,3.0,98.0,3529.0,7893.0,4270.0,80728.0,7.1,5176.0,627.0,-34223.0,-1394.0,0.0,-88.0,-1482.0,-900.0,-467.0,-22566.0,-9.000000000000002,0.3841568821139081,0.9997155049786629,0.05649008285211797,0.13904065795761214,0.38858447324796713
org.apache:hive,cea2a30e99783492088bd40e01d50db71b423dd1,2014-11-21 15:42:35+00:00,HIVE-8863 : Cannot drop table with uppercase name after compute statistics for columns (Chaoyu Tang via Ashutosh Chauhan)  git-svn-id: https://svn.apache.org/repos/asf/hive/trunk@1640943 13f79535-47bb-0310-9956-ffa450edef68,1,Extract And Move Method,Other,Other,0e8f8434d2f5d4c69807c8b3dabeefb103848409,55d9d91d64466d7871e32c5c1d35450e8741cb0e,648349.0,55662.0,1297.0,887.0,57846.0,140535.0,115759.0,707280.0,13.2,59466.0,8063.0,643097.0,55383.0,1294.0,870.0,57547.0,139685.0,114678.0,700737.0,13.2,59061.0,7962.0,-5252.0,-279.0,-3.0,-17.0,-299.0,-850.0,-1081.0,-6543.0,0.0,0.058954268908694304,1.0,0.05335174491588919,0.9520463585518997,0.37972659757523497
org.apache:hive,d1f55b912cddc3b1df78baec9437577cceb6cb6f,2014-10-21 06:48:11+00:00,HIVE-8186 : Self join may fail if one side has virtual column(s) and other doesn't (Navis reviewed by Sergey Shelukhin)  git-svn-id: https://svn.apache.org/repos/asf/hive/trunk@1633283 13f79535-47bb-0310-9956-ffa450edef68,30,Add Method Annotation | Add Parameter | Change Attribute Type | Change Method Access Modifier | Change Parameter Type | Change Thrown Exception Type | Change Variable Type | Extract And Move Method | Extract Method | Inline Variable | Move And Rename Attribute | Move Attribute | Rename Parameter | Rename Variable | Replace Attribute | Split Attribute,Other,Modifier | Move | Other | Rename | Signature | Structural | TypeChange,be4fa1963a5b03e2bc75f5fdcfb3c59b35b654ce,1c70fcca4be4f1f01b1aeada9847f25f6b436877,643414.0,55511.0,1289.0,881.0,57681.0,139649.0,113911.0,699550.0,13.3,59499.0,7934.0,645999.0,55665.0,1296.0,868.0,57829.0,139950.0,114328.0,702256.0,13.4,59643.0,7967.0,2585.0,154.0,7.0,-13.0,148.0,301.0,417.0,2706.0,0.09999999999999964,0.02901690501313305,0.9917496443812257,0.01889279437609723,0.9416412596496174,0.3559260784229653
org.apache:hive,acfc74d089627bfce9020441f075f7b72686df18,2015-02-12 01:04:55+00:00,HIVE-9419p3: LLAP: ORC decoding of row-groups (Partial patch3)  git-svn-id: https://svn.apache.org/repos/asf/hive/branches/llap@1659113 13f79535-47bb-0310-9956-ffa450edef68,7,Change Package | Move Class,Other,Move | Other,c4ba5a5e292d3e11cc80c558630794e2b40d7fc0,05630792e1adf24e1ead0a3b03fcf0d4af689909,696810.0,57894.0,1326.0,932.0,60152.0,145941.0,120138.0,737404.0,13.0,61895.0,8427.0,696061.0,57881.0,1326.0,932.0,60139.0,145856.0,120055.0,736891.0,12.9,61857.0,8418.0,-749.0,-13.0,0.0,0.0,-13.0,-85.0,-83.0,-513.0,-0.09999999999999964,0.008407606133399092,0.9982930298719778,0.0053351744915889196,0.9925952847268479,0.3532447347596796
org.apache:hive,c349382bc7ca0819466fdf2bc2bfec6c0aaaf9c2,2013-07-16 18:23:40+00:00,HIVE-4845 : Correctness issue with MapJoins using the null safe operator (Brock Noland via Ashutosh Chauhan)  git-svn-id: https://svn.apache.org/repos/asf/hive/trunk@1503818 13f79535-47bb-0310-9956-ffa450edef68,5,Rename Parameter | Rename Variable,Rename,Rename,6df77535a5572ff8a0579245f15ac6ca92ada7bf,2911f06571b157c811ee875de6331016aeea0bd6,403077.0,35427.0,740.0,647.0,36814.0,89213.0,73195.0,417674.0,16.9,38410.0,5121.0,475226.0,38662.0,1134.0,684.0,40480.0,102165.0,95321.0,478174.0,22.1,40849.0,5432.0,72149.0,3235.0,394.0,37.0,3666.0,12952.0,22126.0,60500.0,5.200000000000003,0.8098803403452752,0.9988620199146518,0.8129550590007022,0.5622172417738465,0.8112958911372931
org.apache:hive,ef42f62b394b3f93ede85d968ce19789e91015b3,2013-07-17 18:38:25+00:00,HIVE-4859 : String column comparison classes should be renamed. (Jitendra Nath Pandey via Ashutosh Chauhan)  git-svn-id: https://svn.apache.org/repos/asf/hive/branches/vectorization@1504228 13f79535-47bb-0310-9956-ffa450edef68,6,Rename Class,Rename,Rename,95b449b895ca365b315a75db21a17e26533e7ba3,cde9c16e983c2e773fe5d5454494139a66a48941,403164.0,35424.0,740.0,647.0,36811.0,89207.0,73154.0,417693.0,16.9,38413.0,5122.0,475242.0,38663.0,1134.0,684.0,40481.0,102171.0,95325.0,478216.0,22.1,40851.0,5432.0,72078.0,3239.0,394.0,37.0,3670.0,12964.0,22171.0,60523.0,5.200000000000003,0.8090833576543922,0.9985775248933147,0.8137082601053971,0.5622428170492855,0.8111123356241619
org.apache:hive,6c73eee73fc3ad29efd0f8a5c46fe476c4ff47c2,2013-06-03 18:15:16+00:00,HIVE-4451 : Add support for string column type vector aggregates: COUNT  MIN and MAX (Remus Rusanu via Ashutosh Chauhan)  git-svn-id: https://svn.apache.org/repos/asf/hive/branches/vectorization@1489089 13f79535-47bb-0310-9956-ffa450edef68,16,Add Parameter | Change Attribute Type | Change Variable Type | Modify Class Annotation | Move And Rename Class | Rename Class | Rename Method | Rename Parameter | Rename Variable | Split Variable,Rename,Modifier | Move | Other | Rename | Signature | TypeChange,ed2cf09cfa60166b5e8b5728306958dd8f1d09c2,8790fd414dd2ac8591fbe272854d0d9c45474379,397079.0,35256.0,738.0,645.0,36639.0,88738.0,72955.0,414633.0,16.9,38197.0,5093.0,469243.0,38351.0,1128.0,678.0,40157.0,100959.0,94279.0,471347.0,22.3,40412.0,5384.0,72164.0,3095.0,390.0,33.0,3518.0,12221.0,21324.0,56714.0,5.400000000000002,0.8100487169701096,0.9957325746799444,0.7670725583730374,0.5581238516364804,0.7986527190627641
org.apache:hive,2c1bea6b8c8623631ac83a5fca4a96a7f05ec399,2013-07-01 22:19:34+00:00,HIVE-4544 : VectorizedRowBatchCtx::CreateVectorizedRowBatch should create only the projected columns and not all columns (Sarvesh Sakalanaga via Ashutosh Chauhan)  git-svn-id: https://svn.apache.org/repos/asf/hive/branches/vectorization@1498723 13f79535-47bb-0310-9956-ffa450edef68,6,Rename Method,Rename,Rename,58c4bc5b1a35318d3008177eb85dae360cff10d6,ccab0cb00ed39d9e48515fccb426a284c330e043,402377.0,35384.0,739.0,645.0,36768.0,89044.0,73101.0,416631.0,17.0,38348.0,5115.0,472008.0,38513.0,1132.0,682.0,40327.0,101627.0,94898.0,474526.0,22.2,40624.0,5402.0,69631.0,3129.0,393.0,37.0,3559.0,12583.0,21797.0,57895.0,5.199999999999999,0.7816155175897359,0.9985775248933147,0.7897941250313338,0.5608132937589589,0.7939322373362346
org.apache:hive,017dba0708a2abcf4d12b560a36edf3bc14723e2,2013-05-22 20:58:08+00:00,HIVE-4450 Extend Vector Aggregates to support GROUP BY (Remus Rusanu via  omalley)   git-svn-id: https://svn.apache.org/repos/asf/hive/branches/vectorization@1485419 13f79535-47bb-0310-9956-ffa450edef68,26,Change Attribute Type | Extract And Move Method | Extract Class | Extract Method | Parameterize Variable | Rename Attribute | Rename Parameter | Rename Variable,Rename,Other | Rename | Structural | TypeChange,e095880c57237cc9f711c24b0754b68aa177eafc,ac6e98cce73c325165eb88c4ac463f451878787b,397183.0,35278.0,738.0,645.0,36661.0,88733.0,72949.0,414608.0,17.0,38196.0,5093.0,441904.0,37686.0,887.0,669.0,39242.0,96447.0,89390.0,448088.0,19.9,39725.0,5369.0,44721.0,2408.0,149.0,24.0,2581.0,7714.0,16441.0,33480.0,2.8999999999999986,0.5019980692813629,0.9928876244665739,0.48418277680137556,0.5580901999582711,0.6041359767999446
org.apache:hive,24d6958a6f16528bc72454be0ed552ad5d296ca5,2014-03-05 00:20:53+00:00,HIVE-5843 : Transaction manager for Hive (Alan Gates via Ashutosh Chauhan)  git-svn-id: https://svn.apache.org/repos/asf/hive/trunk@1574266 13f79535-47bb-0310-9956-ffa450edef68,414,Add Method Annotation | Add Parameter | Add Thrown Exception Type | Change Method Access Modifier | Change Parameter Type | Move And Rename Class | Move Method | Rename Method | Rename Parameter | Rename Variable,Rename,Modifier | Move | Rename | Signature | TypeChange,4f683fa1d6f756a5533e94ce95300b14582b8f19,687911cc984bec05dd9450eadcbd9a4d82dc8b3d,557127.0,45744.0,888.0,860.0,47492.0,117976.0,97228.0,576427.0,19.7,51125.0,6695.0,581298.0,48267.0,939.0,898.0,50104.0,123494.0,101352.0,600349.0,19.9,53549.0,7041.0,24171.0,2523.0,51.0,38.0,2612.0,5518.0,4124.0,23922.0,0.1999999999999993,0.2713220932581969,0.8825035561878002,0.3463469746422077,0.7759094366036023,0.4880027076919311
org.apache:hive,24e6b64c546f95fdb93734a639e521f91f0433f1,2014-11-07 01:01:08+00:00,HIVE-8735: statistics update can fail due to long paths (Sergey Shelukhin reviewed by Prasanth J)  git-svn-id: https://svn.apache.org/repos/asf/hive/trunk@1637279 13f79535-47bb-0310-9956-ffa450edef68,1,Rename Variable,Rename,Rename,a6902b6a4184108255e79af5305701b573f7ef65,30570912d4f6be8079c869540a7628f94838f7a5,651451.0,55991.0,1298.0,901.0,58190.0,141239.0,115577.0,709453.0,13.3,60156.0,8062.0,639398.0,55080.0,1290.0,869.0,57239.0,139014.0,114160.0,697097.0,12.4,58766.0,7927.0,-12053.0,-911.0,-8.0,-32.0,-951.0,-2225.0,-1417.0,-12356.0,-0.9000000000000004,0.13529623060862384,1.0,0.13965603816218053,0.9549713624218427,0.4322782061472711
org.apache:hive,87efe1bf6ccc2bf53f613ac4bdfd7f0e2c944549,2015-01-17 02:54:40+00:00,HIVE-9390 Enhance retry logic wrt DB access in TxnHandler (Eugene Koifman reviewed by Alan Gates)  git-svn-id: https://svn.apache.org/repos/asf/hive/trunk@1652558 13f79535-47bb-0310-9956-ffa450edef68,27,Change Attribute Type | Change Thrown Exception Type | Extract And Move Method | Extract Method | Rename Class | Rename Method,Rename,Other | Rename | Signature | Structural | TypeChange,7775f7cbad687ee39b78538c38bb0a5c0329e076,87da45c7b053d4d34894c675ac40bed64f9dad12,666232.0,55875.0,1297.0,905.0,58077.0,140536.0,115528.0,705831.0,13.0,59321.0,8025.0,676904.0,56411.0,1314.0,886.0,58611.0,142587.0,117398.0,718822.0,13.0,60281.0,8197.0,10672.0,536.0,17.0,-19.0,534.0,2051.0,1870.0,12991.0,0.0,0.1197943560155342,0.9926031294452368,0.1287346221441044,0.9500959072828948,0.42113640992372137
org.apache:hive,4bf41587a8194493f531caf25f3c22a16edc799b,2015-01-09 15:30:41+00:00,HIVE-9251: SetSparkReducerParallelism is likely to set too small number of reducers [Spark Branch] (Rui via Xuefu)  git-svn-id: https://svn.apache.org/repos/asf/hive/branches/spark@1650565 13f79535-47bb-0310-9956-ffa450edef68,2,Rename Variable,Rename,Rename,baed70351ea318b49677b2918b29e388e4555575,4dc08a53c912bca03cea1f77d77aa96e920cd599,657418.0,56193.0,1314.0,884.0,58391.0,142462.0,117276.0,717920.0,13.1,60212.0,8186.0,647782.0,55666.0,1303.0,868.0,57837.0,140624.0,115404.0,705536.0,13.1,59393.0,8018.0,-9636.0,-527.0,-11.0,-16.0,-554.0,-1838.0,-1872.0,-12384.0,0.0,0.10816514379363638,0.9997155049786629,0.1153653025357698,0.9663685127977318,0.4170057610667893
org.apache:hive,87fc6e9bcab5549280996dd8f3d0d0cd1f8547df,2014-12-18 18:58:11+00:00,HIVE-9094: TimeoutException when trying get executor count from RSC [Spark Branch] (Chengxiang via Xuefu)  git-svn-id: https://svn.apache.org/repos/asf/hive/branches/spark@1646511 13f79535-47bb-0310-9956-ffa450edef68,6,Add Parameter | Change Parameter Type | Rename Parameter | Rename Variable,Rename,Rename | Signature | TypeChange,c73c3328a5473f1e4b0f21e0a30346a7e9360e2a,55ae508014feaeaa36c9a7f149e5ddc88f6b0279,645100.0,55365.0,1296.0,871.0,57532.0,139748.0,114761.0,701609.0,13.1,58989.0,7963.0,653590.0,55980.0,1305.0,895.0,58180.0,141469.0,116567.0,713258.0,13.1,59762.0,8126.0,8490.0,615.0,9.0,24.0,648.0,1721.0,1806.0,11649.0,0.0,0.09530116965628611,0.9985775248933147,0.10802159176499447,0.9444128118669265,0.406503292562465
org.apache:hive,b69a44caa3cd6e48c4348a8e9365307d7a0be4fa,2013-09-20 16:07:16+00:00,HIVE-4568 - Beeline needs to support resolving variables (Xuefu Zhang reviewed by Thejas M Nair)  git-svn-id: https://svn.apache.org/repos/asf/hive/trunk@1525046 13f79535-47bb-0310-9956-ffa450edef68,3,Add Parameter | Change Parameter Type | Rename Parameter,Signature,Rename | Signature | TypeChange,5a544386870695e598a622c166287d7d44c842c9,6a9e42e7d737d3ab916846aa08322be2de847c24,457066.0,38449.0,769.0,723.0,39941.0,96151.0,78692.0,463240.0,21.7,41708.0,5600.0,546152.0,42208.0,1273.0,757.0,44238.0,112083.0,104529.0,535296.0,26.5,45479.0,5955.0,89086.0,3759.0,504.0,34.0,4297.0,15932.0,25837.0,72056.0,4.800000000000001,0.9999999999999887,0.9994310099573259,0.9999999999999372,0.6235521365450486,0.9434190224732023
org.apache:hive,5d3cd9e5efb8dcdcaf7a1d1d8d385c717efe1258,2013-09-03 18:33:13+00:00,HIVE-4959 : Vectorized plan generation should be added as an optimization transform. (Jitendra Nath Pandey via Ashutosh Chauhan)  git-svn-id: https://svn.apache.org/repos/asf/hive/branches/vectorization@1519788 13f79535-47bb-0310-9956-ffa450edef68,15,Add Thrown Exception Type | Change Method Access Modifier | Extract Variable | Move Attribute | Rename Parameter,Signature,Modifier | Move | Rename | Signature | Structural,edf24dba3c88a9a9e870293f175fe5942d4c7c67,c2fe3e54602cff81f6dea7763659c1ddb880acd3,423546.0,36209.0,746.0,652.0,37607.0,92357.0,75720.0,437652.0,16.2,39829.0,5343.0,502658.0,39572.0,1170.0,696.0,41438.0,106799.0,99320.0,502291.0,21.5,43399.0,5676.0,79112.0,3363.0,424.0,44.0,3831.0,14442.0,23600.0,64639.0,5.300000000000001,0.8880407695934166,0.9960170697012813,0.9064775295003197,0.5891089708643762,0.8694054497823593
org.apache:hive,38521bdfd8c4c6243964a124531c4c88868124da,2013-07-30 17:33:06+00:00,HIVE-2702 : Enhance listPartitionsByFilter to add support for integral types both for equality and non-equality (Sergey Shelukhin via Ashutosh Chauhan)  git-svn-id: https://svn.apache.org/repos/asf/hive/trunk@1508539 13f79535-47bb-0310-9956-ffa450edef68,4,Add Parameter | Extract Method | Rename Variable,Signature,Rename | Signature | Structural,c31e80a0b67cf4b688002f293181b91513d45fac,74401cd155a0c7fed7f1bc7b1a1af2e61ad330d6,413858.0,35873.0,742.0,653.0,37268.0,91057.0,74467.0,428223.0,16.5,39400.0,5264.0,490628.0,39387.0,1172.0,692.0,41251.0,104850.0,98662.0,491951.0,21.9,41970.0,5605.0,76770.0,3514.0,430.0,39.0,3983.0,13793.0,24195.0,63728.0,5.399999999999999,0.8617515659026013,0.9991465149359888,0.8657419030880702,0.5764169039109972,0.8474279407069055
org.apache:hive,4891b09e7b085b9f5265e8580fa2623d759c86b2,2013-06-23 17:09:22+00:00,HIVE-1402 Add parallel order by to hive (Navis Ryu and Jeff Zhang via egc)  Submitted by:	Navis Ryu Reviewed by:	Edward Capriolo   git-svn-id: https://svn.apache.org/repos/asf/hive/trunk@1495847 13f79535-47bb-0310-9956-ffa450edef68,2,Add Parameter | Extract Method,Signature,Signature | Structural,23a5058682d3eceb6332b29708e494f71e7f60e0,3990db35a0428be6af4e9064d00cdf1a7c0b60cc,472254.0,38475.0,1132.0,682.0,40289.0,101521.0,94621.0,474175.0,22.2,40615.0,5401.0,401834.0,35363.0,738.0,645.0,36746.0,88994.0,73058.0,416124.0,17.0,38329.0,5110.0,-70420.0,-3112.0,-394.0,-37.0,-3543.0,-12527.0,-21563.0,-58051.0,-5.199999999999999,0.7904721280560268,0.9997155049786629,0.7862791865427575,0.6382713805937493,0.8084424559428951
org.apache:hive,45e03233adba9e695f8b36bf611039d42681ac80,2013-06-19 22:02:16+00:00,HIVE-4718 : array out of bounds exception near VectorHashKeyWrapper.getBytes() with 2 column GROUP BY (Remus Rusanu via Ashutosh Chauhan)  git-svn-id: https://svn.apache.org/repos/asf/hive/branches/vectorization@1494782 13f79535-47bb-0310-9956-ffa450edef68,10,Add Parameter | Rename Method,Signature,Rename | Signature,873272cf6354682e46cdc2c5a9326efbfd25dfe8,70195fe39dd3fe0960852ab2de5aa84e17957f6c,401171.0,35324.0,738.0,645.0,36707.0,88844.0,72978.0,415381.0,16.9,38267.0,5103.0,472088.0,38461.0,1132.0,682.0,40275.0,101522.0,94635.0,474240.0,22.2,40621.0,5403.0,70917.0,3137.0,394.0,37.0,3568.0,12678.0,21657.0,58859.0,5.300000000000001,0.7960510068922075,0.9974395448079666,0.7957569671101684,0.5591307098484993,0.8007171599732934
org.apache:hive,598ea34ce7c6fca143342d28f816e5ec04cff5ef,2013-05-30 15:06:54+00:00,HIVE-4160 Vectorized reader support for Byte Boolean and Timestamp (Sarvesh  Sakalanaga via omalley)   git-svn-id: https://svn.apache.org/repos/asf/hive/branches/vectorization@1487884 13f79535-47bb-0310-9956-ffa450edef68,3,Add Parameter,Signature,Signature,6c2686ec1b91694f084e312c1ef4341376b2ecfe,151cbcec87dff81c3d915588ac71bc9cca8d7971,397210.0,35279.0,738.0,645.0,36662.0,88738.0,72956.0,414629.0,16.9,38197.0,5093.0,468041.0,38401.0,1128.0,676.0,40205.0,101144.0,95053.0,471179.0,22.5,40345.0,5377.0,70831.0,3122.0,390.0,31.0,3543.0,12406.0,22097.0,56550.0,5.600000000000001,0.7950856475764901,0.9994310099573259,0.7786844087370839,0.5581184673679669,0.7963093333115272
org.apache:batik,6ce9122c4305c64944eb40eb44422d29be6125b1,2002-06-13 11:19:39+00:00,"New Fearure:  - Added centralized control over external resources download    The UserAgent API now contains method to authorize/deny access   to external resources referenced from a document. This is    orthogonal to the sand-box security (i.e.  that feature can   be active even when scripting security is disabled).    There is an option in the Squiggle preference dialog (browser   options) to let the user select his/her prefered settings.    Right now  control over external resources can be disabled   or external resources can be constrained to come from the    same location as the document being loaded. These are the    only settings Squiggle offers at this time. However  the    UserAgent's new interface allow for any type of security    strategy with regards to external resources (e.g.  it is    possible to have a strategy dependant on the external url).    External resources:     - stylesheets in processing instructions     - <use>     - <image>     - <feImage>     - <tref>     - <textPath>     - <altGlyph>     - <glyphRef>     - <color-profile>     - <linearGradient>     - <radialGradient>     - <pattern>     - <filter>     - <script>     - <font-face-uri>    Note that <definition-src> is not supported in Batik and   does not appear in the above list for that reason. <cursor>   is not supported yet (but it should be in the near future)   and <mpath> will be when the SMIL animation work is under   way.  Bug Fix:  - Removed unnecessary code from RhinoInterpreter   git-svn-id: https://svn.apache.org/repos/asf/xmlgraphics/batik/trunk@200934 13f79535-47bb-0310-9956-ffa450edef68",2,Add Thrown Exception Type | Extract Variable,Signature,Signature | Structural,ad3b2b9f519ec143c2a301922e95f4e16de7729d,bc546a4259364d750802edf79a15008c3cd250ca,175537.0,14949.0,337.0,337.0,15623.0,26660.0,24163.0,151067.0,7.1,12757.0,2103.0,107487.0,14235.0,337.0,337.0,14909.0,26744.0,24285.0,151676.0,7.1,12797.0,2113.0,-68050.0,-714.0,0.0,0.0,-714.0,84.0,122.0,609.0,0.0,0.7638686213321872,0.9997155049786629,0.005272407732864344,0.20334632288112178,0.5373105998939919
org.apache:hive,16d01c4b7d5831e2a09aee7d7dda2cde9114cc57,2013-05-22 21:04:35+00:00,HIVE-4553 Column Column  and Column Scalar vectorized execution tests (Tony Murphy via omalley)   git-svn-id: https://svn.apache.org/repos/asf/hive/branches/vectorization@1485421 13f79535-47bb-0310-9956-ffa450edef68,5,Add Parameter | Change Method Access Modifier,Signature,Modifier | Signature,ac6e98cce73c325165eb88c4ac463f451878787b,5d501f37539bf93834be42c0343f414009be5aee,441904.0,37686.0,887.0,669.0,39242.0,96447.0,89390.0,448088.0,19.9,39725.0,5369.0,467426.0,38358.0,1128.0,669.0,40155.0,101019.0,94889.0,470524.0,22.5,40321.0,5375.0,25522.0,672.0,241.0,0.0,913.0,4572.0,5499.0,22436.0,2.6000000000000014,0.2864872146016177,0.9988620199146518,0.28696962088875927,0.6031565274160214,0.47658317415817053
org.apache:hive,8feac8c680831d7bb2bc448eb4eccfafc1abed0b,2014-11-15 16:27:30+00:00,HIVE-8739 : handle Derby errors with joins and filters in Direct SQL in a Derby-specific path (Sergey Shelukhin via Ashutosh Chauhan)  git-svn-id: https://svn.apache.org/repos/asf/hive/trunk@1639905 13f79535-47bb-0310-9956-ffa450edef68,6,Add Parameter | Change Method Access Modifier | Extract Variable | Rename Variable,Signature,Modifier | Rename | Signature | Structural,8f2fff5927d31ec4c53433a6f9dd40c53a353269,af82e94c7f3ac3d553db69144d81a0d1fe534050,654068.0,56173.0,1300.0,904.0,58377.0,141647.0,116078.0,712018.0,13.3,60323.0,8080.0,640426.0,55151.0,1289.0,870.0,57310.0,139166.0,114267.0,698185.0,12.4,58865.0,7935.0,-13642.0,-1022.0,-11.0,-34.0,-1067.0,-2481.0,-1811.0,-13833.0,-0.9000000000000004,0.1531329277327509,0.9985775248933147,0.15572432839567188,0.9584240246061058,0.44366336186159716
org.apache:hive,794998c0600a9abe797cbaf6e86fd7acbb2ed56a,2015-02-24 06:29:19+00:00,HIVE-9764: Update tez dependency in branch & fix build (Siddharth Seth via Gopal V)  git-svn-id: https://svn.apache.org/repos/asf/hive/branches/llap@1661846 13f79535-47bb-0310-9956-ffa450edef68,1,Add Parameter,Signature,Signature,01ab5bc87a9a9780b329228028ae6dc20d0affeb,bf94393135b1f947aa643499cabe0ca3ece90767,701469.0,58150.0,1329.0,945.0,60424.0,146927.0,120797.0,742402.0,12.9,62384.0,8466.0,687993.0,57305.0,1322.0,896.0,59523.0,144866.0,119114.0,730944.0,13.0,61374.0,8319.0,-13476.0,-845.0,-7.0,-49.0,-901.0,-2061.0,-1683.0,-11458.0,0.09999999999999964,0.1512695597512499,1.0,0.12936228973135014,0.9993229282344297,0.442746835568502
org.apache:hive,265ae7b4f81ec7cf19c6f0b59a13a3e7dfb942e4,2013-08-28 14:58:17+00:00,HIVE-3562 : Some limit can be pushed down to map stage (Navis via Ashutosh Chauhan)    git-svn-id: https://svn.apache.org/repos/asf/hive/trunk@1518234 13f79535-47bb-0310-9956-ffa450edef68,5,Add Method Annotation | Extract Interface | Extract Method,Structural,Modifier | Structural,6c80e4a4ffd95ef635632b301d0c75b916cf815a,1b2d5d53735674cdbbf5fa929e76540f93dc82dd,504150.0,39678.0,1176.0,698.0,41552.0,106952.0,99578.0,503232.0,21.8,43432.0,5681.0,422938.0,36178.0,744.0,651.0,37573.0,92222.0,75574.0,436928.0,16.2,39771.0,5337.0,-81212.0,-3500.0,-432.0,-47.0,-3979.0,-14730.0,-24004.0,-66304.0,-5.600000000000001,0.9116134970702364,0.9988620199146518,0.9245543560129974,0.6773840531427293,0.8971639997856837
org.apache:hive,9abde77d799d25013baf2b05c7ff5ac3eead583d,2013-09-03 20:31:52+00:00,HIVE-5104 : HCatStorer fails to store boolean type (Karl D. Gierach via Sushanth Sowmyan)   git-svn-id: https://svn.apache.org/repos/asf/hive/trunk@1519839 13f79535-47bb-0310-9956-ffa450edef68,1,Extract Variable,Structural,Structural,4199a11d4fdb5464ffdcf5d7a9d56512a9bd9d5f,bd1044bda35b6e9668eec348f0ffa17600dbd7a9,502658.0,39572.0,1170.0,696.0,41438.0,106801.0,99320.0,502299.0,21.5,43401.0,5676.0,423609.0,36214.0,746.0,652.0,37612.0,92370.0,75743.0,437693.0,16.2,39829.0,5343.0,-79049.0,-3358.0,-424.0,-44.0,-3826.0,-14431.0,-23577.0,-64606.0,-5.300000000000001,0.887333587769112,1.0,0.9057870951543493,0.6761281725119622,0.8827994347730265
org.apache:hive,258b440f97f1f9c00051cb3904fd3f9e47ecceab,2013-04-04 01:13:00+00:00,HIVE-4259 : SEL operator created with missing columnExprMap for unions (Gunther Hagleitner via Ashutosh Chauhan)  git-svn-id: https://svn.apache.org/repos/asf/hive/trunk@1464248 13f79535-47bb-0310-9956-ffa450edef68,1,Extract Variable,Structural,Structural,5482fbcbdae1cd553aa701b8253c1db3b3d1af1d,6feb857bf533e5cd6cfa7a40588b1d9b9a2de393,474618.0,40796.0,799.0,850.0,42445.0,99159.0,80992.0,490572.0,31.8,43562.0,6050.0,391558.0,34787.0,732.0,632.0,36151.0,87320.0,71742.0,408730.0,16.9,37652.0,5060.0,-83060.0,-6009.0,-67.0,-218.0,-6294.0,-11839.0,-9250.0,-81842.0,-14.900000000000002,0.932357497249838,1.0,0.7430956565402496,0.6603428432975943,0.8577683395296368
org.apache:hive,daf1aec908f20fd3bb7879d2eacb29277ad21058,2013-06-02 16:43:11+00:00,HIVE-4535 : hive build fails with hadoop 0.20 (Thejas Nair via Ashutosh Chauhan)  git-svn-id: https://svn.apache.org/repos/asf/hive/trunk@1488739 13f79535-47bb-0310-9956-ffa450edef68,1,Extract Variable,Structural,Structural,a7a59184e4efc9a0a5eb46aab7c84f2b05376aee,00c601563ccad481e82800702a2aa8721112052b,468437.0,38419.0,1128.0,678.0,40225.0,101207.0,95129.0,471595.0,22.5,40368.0,5381.0,396948.0,35256.0,738.0,645.0,36639.0,88738.0,72956.0,414632.0,16.9,38197.0,5093.0,-71489.0,-3163.0,-390.0,-33.0,-3586.0,-12469.0,-22173.0,-56963.0,-5.600000000000001,0.8024717688525603,1.0,0.7826387145367322,0.6347985274025607,0.8118681652855915
org.apache:hive,c78c901e594b61a099e0ba78fc0f396d1f080a53,2014-03-15 06:25:01+00:00,HIVE-6432 : Remove deprecated methods in HCatalog (Sushanth Sowmyan via Ashutosh Chauhan)  git-svn-id: https://svn.apache.org/repos/asf/hive/trunk@1577792 13f79535-47bb-0310-9956-ffa450edef68,1,Inline Method,Structural,Structural,76e45195f391072ab9aea02d5b9f6e320f67e8de,ebcb3f90bb10757d6da02c54f44f6243cfb7ca9b,587636.0,49003.0,958.0,908.0,50869.0,125609.0,102888.0,609494.0,20.1,54515.0,7168.0,541178.0,45820.0,916.0,820.0,47556.0,119536.0,98697.0,571867.0,16.0,51155.0,6802.0,-46458.0,-3183.0,-42.0,-88.0,-3313.0,-6073.0,-4191.0,-37627.0,-4.100000000000001,0.5214960824371896,1.0,0.38118252573434713,0.8204198383373367,0.6269570401590632
org.apache:hive,9a300a96032a765a386369410a9dc47adee8db27,2014-08-14 21:40:11+00:00,HIVE-7725 : CBO : Move join counting from genPlan() to phase1 (Ashutosh Chauhan)  git-svn-id: https://svn.apache.org/repos/asf/hive/branches/cbo@1618060 13f79535-47bb-0310-9956-ffa450edef68,1,Extract Method,Structural,Structural,125e9c33865b79ec8bb42adb1b9f5b5bd3a0dbce,1d0c70d2ba2903ca74513fae38be7c7566936ab8,547020.0,51844.0,1233.0,855.0,53932.0,130725.0,106221.0,647717.0,13.4,55800.0,7473.0,598706.0,52592.0,1239.0,856.0,54687.0,131493.0,107006.0,652470.0,13.5,55971.0,7525.0,51686.0,748.0,6.0,1.0,755.0,768.0,785.0,4753.0,0.09999999999999964,0.5801809487461489,1.0,0.048204870700474,0.871870562184935,0.5749041815013183
org.apache:hive,4f683fa1d6f756a5533e94ce95300b14582b8f19,2014-03-04 23:52:07+00:00,HIVE-6545 : analyze table throws NPE for non-existent tables. (Ashutosh Chauhan via Harish Butani)  git-svn-id: https://svn.apache.org/repos/asf/hive/trunk@1574257 13f79535-47bb-0310-9956-ffa450edef68,1,Extract Variable,Structural,Structural,bda54e30c61b3c8168fdc294ea06695cb8a2771c,24d6958a6f16528bc72454be0ed552ad5d296ca5,557125.0,45744.0,888.0,860.0,47492.0,117975.0,97224.0,576423.0,19.7,51125.0,6695.0,581298.0,48267.0,939.0,898.0,50104.0,123494.0,101352.0,600349.0,19.9,53549.0,7041.0,24173.0,2523.0,51.0,38.0,2612.0,5519.0,4128.0,23926.0,0.1999999999999993,0.2713445434748415,1.0,0.3464097414009323,0.7759040523350889,0.511525860590433
org.apache:hive,7ae4cdd4d04e6cc6a4109b7998e627f0f73a9a0d,2013-04-25 07:26:22+00:00,HIVE-4160 : Implement vectorized string functions UPPER()  LOWER()  LENGTH() (Eric Hanson via Ashutosh Chauhan)  git-svn-id: https://svn.apache.org/repos/asf/hive/branches/vectorization@1475653 13f79535-47bb-0310-9956-ffa450edef68,1,Extract Interface,Structural,Structural,76ba43d976f6c078abe8d8a64f0c532a9472462b,c88e75dae16c138e3047fe5bb3d9c1e301f740cf,417773.0,36195.0,869.0,646.0,37710.0,91886.0,82143.0,425896.0,18.6,38495.0,5223.0,394523.0,34997.0,732.0,638.0,36367.0,87968.0,72312.0,411444.0,17.0,37912.0,5071.0,-23250.0,-1198.0,-137.0,-8.0,-1343.0,-3918.0,-9831.0,-14452.0,-1.6000000000000014,0.260983768493363,1.0,0.24592016068288688,0.5732846057032857,0.4518662384235598
org.apache:felix,90c70c898f5f36466029af4546074db6f8040b1b,2008-03-28 15:33:36+00:00,Commit the new iPOJO version (0.7.6).  git-svn-id: https://svn.apache.org/repos/asf/felix/trunk@642265 13f79535-47bb-0310-9956-ffa450edef68,576,Add Parameter | Add Thrown Exception Type | Change Attribute Type | Change Method Access Modifier | Change Package | Change Parameter Type | Change Return Type | Change Variable Type | Extract And Move Method | Extract Class | Extract Method | Extract Superclass | Extract Variable | Inline Method | Inline Variable | Move And Rename Class | Move And Rename Method | Move Attribute | Move Class | Move Method | Move Source Folder | Parameterize Variable | Pull Up Attribute | Pull Up Method | Remove Parameter | Remove Thrown Exception Type | Rename Attribute | Rename Class | Rename Method | Rename Parameter | Rename Variable | Replace Variable With Attribute,Structural,Modifier | Move | Other | Rename | Signature | Structural | TypeChange,8b303f356e9a9d7a8ab3028d3a03aa5a36e4b3b6,9f940eda59909888b9e062b12bc493563cc86f7d,113297.0,16397.0,674.0,390.0,17461.0,26609.0,24666.0,146167.0,10.8,13993.0,1811.0,162526.0,19401.0,684.0,464.0,20549.0,28372.0,25657.0,173770.0,15.9,15478.0,2026.0,49229.0,3004.0,10.0,74.0,3088.0,1763.0,991.0,27603.0,5.1,0.5526008575982696,0.8364153627311988,0.11065779563142665,0.1967505939521201,0.4455004535862223
org.apache:hive,1a8b9fab686b916af7c339a672f8d8973cfe72b6,2014-11-14 20:02:45+00:00,HIVE-8823 - Add additional serde properties for parquet (Ferdinand Xu via Brock)  git-svn-id: https://svn.apache.org/repos/asf/hive/trunk@1639777 13f79535-47bb-0310-9956-ffa450edef68,1,Extract Method,Structural,Structural,01a3bf1318973826e53a652c3bcd505d736a7d8e,bbaf477905c32450584df40154badbbbcd054296,654067.0,56175.0,1299.0,904.0,58378.0,141628.0,116062.0,711951.0,13.3,60317.0,8079.0,640385.0,55146.0,1289.0,870.0,57305.0,139157.0,114249.0,698135.0,12.4,58863.0,7935.0,-13682.0,-1029.0,-10.0,-34.0,-1073.0,-2471.0,-1813.0,-13816.0,-0.9000000000000004,0.1535819320656427,1.0,0.1550966608084261,0.9583338381085051,0.44395701374463936
org.apache:hive,b576b6556f1b99a1b98542c534c7853db564546f,2013-09-03 19:31:33+00:00,HIVE-5149 : ReduceSinkDeDuplication can pick the wrong partitioning columns (Yin Huai via Ashutosh Chauhan)  git-svn-id: https://svn.apache.org/repos/asf/hive/trunk@1519805 13f79535-47bb-0310-9956-ffa450edef68,1,Change Variable Type,TypeChange,TypeChange,c2fe3e54602cff81f6dea7763659c1ddb880acd3,1bc84a6cf76c945cbc3b93599893b3ca810768f2,502658.0,39572.0,1170.0,696.0,41438.0,106799.0,99320.0,502291.0,21.5,43399.0,5676.0,423578.0,36211.0,746.0,652.0,37609.0,92364.0,75730.0,437669.0,16.2,39829.0,5343.0,-79080.0,-3361.0,-424.0,-44.0,-3829.0,-14435.0,-23590.0,-64622.0,-5.300000000000001,0.8876815661271031,1.0,0.9060381621892476,0.6761174039749352,0.8829997775943934
org.apache:hive,d672c1730be6d474d0610be25e6bf05139541904,2013-07-27 04:21:49+00:00,HIVE-4808 WebHCat job submission is killed by TaskTracker since it's not sending a heartbeat properly (ekoifman via gates)   git-svn-id: https://svn.apache.org/repos/asf/hive/trunk@1507572 13f79535-47bb-0310-9956-ffa450edef68,3,Change Attribute Type | Change Parameter Type,TypeChange,TypeChange,8400de78dfa77a8682d280f1d07203828cc172ad,d8de832a102db792376e20dbb04b2174aef02f07,488361.0,39256.0,1171.0,690.0,41117.0,104158.0,98202.0,488795.0,22.0,41646.0,5573.0,411971.0,35763.0,741.0,650.0,37154.0,90483.0,74134.0,425430.0,16.6,39102.0,5234.0,-76390.0,-3493.0,-430.0,-40.0,-3963.0,-13675.0,-24068.0,-63365.0,-5.399999999999999,0.857486024740129,0.9994310099573259,0.8583354255585702,0.6579508820104849,0.8561571005787322
org.apache:hive,ba6761450855a821a7c39fc064c9cb42788af0a0,2013-08-04 21:06:05+00:00,HIVE-4683 : fix coverage org.apache.hadoop.hive.cli (Aleksey Gorshkov via Ashutosh Chauhan)  git-svn-id: https://svn.apache.org/repos/asf/hive/trunk@1510346 13f79535-47bb-0310-9956-ffa450edef68,3,Change Variable Type | Extract Method | Rename Variable,TypeChange,Rename | Structural | TypeChange,1252cedf494ee85d30668bb531c07ebc028ec574,5b306714cadb663914fb37ac08b77dc87528fa91,414167.0,35884.0,742.0,652.0,37278.0,91152.0,74546.0,428608.0,16.5,39436.0,5264.0,490637.0,39261.0,1172.0,689.0,41122.0,104891.0,98695.0,492136.0,21.9,41990.0,5617.0,76470.0,3377.0,430.0,37.0,3844.0,13739.0,24149.0,63528.0,5.399999999999999,0.8583840334059127,0.9994310099573259,0.862352498116943,0.5769351397554188,0.845368210846379
org.apache:hive,8e9cc1268a0c073a5c009ae64fdd1b5269b4779b,2013-08-01 16:10:31+00:00,HIVE-4960 : lastAlias in CommonJoinOperator is not used (Yin Huai via Ashutosh Chauhan)  git-svn-id: https://svn.apache.org/repos/asf/hive/trunk@1509314 13f79535-47bb-0310-9956-ffa450edef68,3,Change Attribute Type | Change Parameter Type | Change Return Type,TypeChange,TypeChange,920e55fd8f1fa511d8d6fa506331a98cf8152aaf,1d7d596f4edd8925c230177f8daba18b260ec127,414040.0,35877.0,742.0,653.0,37272.0,91127.0,74526.0,428440.0,16.5,39418.0,5263.0,490259.0,39231.0,1172.0,689.0,41092.0,104850.0,98662.0,491842.0,21.9,41970.0,5605.0,76219.0,3354.0,430.0,36.0,3820.0,13723.0,24136.0,63402.0,5.399999999999999,0.8555665312170166,0.9994310099573259,0.8613482299773498,0.576709000477853,0.8439562220442872
org.apache:hive,1d7d596f4edd8925c230177f8daba18b260ec127,2013-08-01 20:30:52+00:00,HIVE-4541 : Run check-style on the branch and fix style issues. (Jitendra Nath Pandey via Ashutosh Chauhan)  git-svn-id: https://svn.apache.org/repos/asf/hive/branches/vectorization@1509425 13f79535-47bb-0310-9956-ffa450edef68,25,Change Attribute Type | Change Parameter Type | Change Variable Type | Rename Method,TypeChange,Rename | TypeChange,8e9cc1268a0c073a5c009ae64fdd1b5269b4779b,06f5732689ad2c89e16483abe953e486b0630d56,414016.0,35875.0,742.0,653.0,37270.0,91123.0,74522.0,428434.0,16.5,39418.0,5263.0,490259.0,39231.0,1172.0,689.0,41092.0,104846.0,98662.0,491822.0,21.9,41966.0,5604.0,76243.0,3356.0,430.0,36.0,3822.0,13723.0,24140.0,63388.0,5.399999999999999,0.8558359338167517,0.993172119487911,0.8613482299773498,0.5767009240750828,0.8428109935298828
org.apache:hive,271b0a2fb688246768d52a2add1bd0d15694fd6e,2013-06-07 01:36:58+00:00,HIVE-4665 : error at VectorExecMapper.close in group-by-agg query over ORC  vectorized (Jitendra Nath Pandey via Ashutosh Chauhan)  git-svn-id: https://svn.apache.org/repos/asf/hive/branches/vectorization@1490491 13f79535-47bb-0310-9956-ffa450edef68,5,Add Method Annotation | Change Attribute Type | Change Variable Type,TypeChange,Modifier | TypeChange,efb595a72135bca137a4250bd770e70002d67da6,a14eab8be528d435db4641ed299895b855ab6975,397300.0,35261.0,738.0,645.0,36644.0,88718.0,72921.0,414634.0,16.9,38187.0,5093.0,471345.0,38411.0,1131.0,680.0,40222.0,101206.0,94452.0,472910.0,22.2,40502.0,5402.0,74045.0,3150.0,393.0,35.0,3578.0,12488.0,21531.0,58276.0,5.300000000000001,0.8311631457243469,0.9988620199146518,0.7838312829524992,0.5581251977036087,0.8119142626663353
org.apache:hive,f7e90ce394fb37f4ff152b0a723dfec14536e875,2013-07-02 01:43:05+00:00,HIVE-2517 : Support group by on struct type (Ashutosh Chauhan via Navis)  git-svn-id: https://svn.apache.org/repos/asf/hive/trunk@1498755 13f79535-47bb-0310-9956-ffa450edef68,1,Change Variable Type,TypeChange,TypeChange,e1ee508241e43f3d21be5d76ec74582c8d450286,a76ad51f5fdfffd12c8581b7de62d9bd12ce6bbe,472914.0,38531.0,1132.0,684.0,40347.0,101695.0,95084.0,475190.0,22.2,40636.0,5404.0,402331.0,35386.0,739.0,645.0,36770.0,89045.0,73103.0,416645.0,16.9,38348.0,5115.0,-70583.0,-3145.0,-393.0,-39.0,-3577.0,-12650.0,-21981.0,-58545.0,-5.300000000000001,0.792301820712561,1.0,0.7939994978658803,0.6396376387290426,0.8113662485608508
org.apache:hive,a7a59184e4efc9a0a5eb46aab7c84f2b05376aee,2013-05-30 15:20:01+00:00,HIVE-4603 VectorSelectOperator projections change the index of columns for subsequent operators (Jitendra Nath Pandey via omalley)   git-svn-id: https://svn.apache.org/repos/asf/hive/branches/vectorization@1487895 13f79535-47bb-0310-9956-ffa450edef68,8,Change Attribute Type | Change Variable Type | Extract Variable | Rename Attribute | Rename Variable,TypeChange,Rename | Structural | TypeChange,f5f6bf3b6831758617a1c4fe6be70819dd813619,daf1aec908f20fd3bb7879d2eacb29277ad21058,468166.0,38407.0,1128.0,676.0,40211.0,101169.0,95067.0,471324.0,22.5,40358.0,5379.0,397148.0,35278.0,738.0,645.0,36661.0,88738.0,72956.0,414628.0,16.9,38197.0,5093.0,-71018.0,-3129.0,-390.0,-31.0,-3550.0,-12431.0,-22111.0,-56696.0,-5.600000000000001,0.7971847428327593,0.9980085348506407,0.7802535777051983,0.6344337432107731,0.8087040600111475
org.apache:hive,e1ee508241e43f3d21be5d76ec74582c8d450286,2013-07-01 22:35:25+00:00,HIVE-4786 : Incorrect aggregate results  (Remus Rusanu via Ashutosh Chauhan)  git-svn-id: https://svn.apache.org/repos/asf/hive/branches/vectorization@1498729 13f79535-47bb-0310-9956-ffa450edef68,41,Change Attribute Type | Change Parameter Type | Change Variable Type,TypeChange,TypeChange,b0aef3c44f86bd4801006f94f1b49e6abb97e79f,f7e90ce394fb37f4ff152b0a723dfec14536e875,472354.0,38531.0,1132.0,684.0,40347.0,101695.0,95084.0,475190.0,22.2,40636.0,5404.0,402331.0,35386.0,739.0,645.0,36770.0,89045.0,73103.0,416641.0,16.9,38348.0,5115.0,-70023.0,-3145.0,-393.0,-39.0,-3577.0,-12650.0,-21981.0,-58549.0,-5.300000000000001,0.7860157600520756,0.9886201991465182,0.7939994978658803,0.6396376387290426,0.8065758641259604
org.apache:hive,40a207305e9d8904c78996d9aa960f099663c030,2013-09-06 22:41:28+00:00,HIVE-5182 : log more stuff via PerfLogger (Sergey Shelukhin via Ashutosh Chauhan)  git-svn-id: https://svn.apache.org/repos/asf/hive/trunk@1520711 13f79535-47bb-0310-9956-ffa450edef68,8,Change Parameter Type | Change Variable Type | Extract And Move Method | Extract Method | Rename Parameter | Rename Variable,TypeChange,Other | Rename | Structural | TypeChange,50f89f32793a27dededf0b0dbad2e64e8ef6808f,df54d6828aa9859f8ecc57852cfa8258c3e1673c,509575.0,39864.0,1250.0,696.0,41810.0,107856.0,101046.0,507212.0,22.1,43497.0,5676.0,449947.0,37921.0,760.0,679.0,39360.0,95279.0,78008.0,457495.0,22.1,41275.0,5552.0,-59628.0,-1943.0,-490.0,-17.0,-2450.0,-12577.0,-23038.0,-49717.0,0.0,0.6693307590418172,0.9980085348506407,0.7894175244789863,0.6827414003136327,0.7670996017536464
